{
  "resourceType": "ValueSet",
  "id": "dk-core-MunicipalityCodes",
  "text": {
    "status": "generated",
    "div": "<div xmlns=\"http://www.w3.org/1999/xhtml\"><p>This value set includes codes based on the following rules:</p><ul><li>Include all codes defined in <a href=\"CodeSystem-dk-core-municipality-codes.html\"><code>http://hl7.dk/fhir/core/CodeSystem/dk-core-municipality-codes</code></a></li><li>Include all codes defined in <a href=\"CodeSystem-dk-core-municipality-codes-greenland.html\"><code>http://hl7.dk/fhir/core/CodeSystem/dk-core-municipality-codes-greenland</code></a></li></ul></div>"
  },
  "url": "http://hl7.dk/fhir/core/ValueSet/dk-core-MunicipalityCodes",
  "version": "0.9.0",
  "name": "MunicipalityCodes",
  "status": "draft",
  "experimental": true,
  "date": "2019-02-02T00:00:00+00:00",
  "publisher": "HL7 Denmark",
  "contact": [
    {
      "name": "HL7 Denmark",
      "telecom": [
        {
          "system": "url",
          "value": "http://www.hl7.dk"
        },
        {
          "system": "email",
          "value": "jenskristianvilladsen@gmail.com"
        }
      ]
    }
  ],
  "description": "Municipality codes used in Denmark",
  "jurisdiction": [
    {
      "coding": [
        {
          "system": "urn:iso:std:iso:3166",
          "code": "DK"
        }
      ]
    }
  ],
  "copyright": "CC-BY-SA-4.0",
  "compose": {
    "include": [
      {
        "system": "http://hl7.dk/fhir/core/CodeSystem/dk-core-municipality-codes"
      },
      {
        "system": "http://hl7.dk/fhir/core/CodeSystem/dk-core-municipality-codes-greenland"
      }
    ]
  }
}